{
  "paper": 60,
  "condition_rows": 414720,
  "expected_condition_rows": 414720,
  "evals_per_row": 262144,
  "ticks_per_row": 16777216,
  "represented_evaluations": 108716359680,
  "represented_planning_tick_decisions": 6957847019520,
  "row_count_ok": true,
  "best_non_oracle_strategy": "safety_gated_probe_policy",
  "best_non_oracle_utility": 0.37396570694865877,
  "oracle_utility": 0.8465619476125907,
  "latent_utility": 0.21431797577598746,
  "executable_probe_utility": 0.2201480526645033,
  "cost_sensitive_utility": 0.3317762657749312,
  "safety_gated_utility": 0.37396570694865877,
  "uncertainty_unsafe": 0.38244349190617766,
  "executable_probe_unsafe": 0.13799527011346654,
  "safety_gated_unsafe": 0.10344461046358856,
  "low_cost_best_strategy": "oracle_signature_selector",
  "high_cost_best_strategy": "oracle_signature_selector",
  "high_cost_best_deployable_strategy": "abstain",
  "full_scale_ok": true
}