observation,resolution,unsafe,probe_cost,utility,post_error,info_gain,model_elim,task_success,gate_precision,gate_recall,abort_rate,false_abstain,reversibility,signature_match,value_info,policy_cost,recovery,weight
o00,0.530049,0.198206,0.599694,0.119722,0.585141,0.487495,0.347978,0.302076,0.704347,0.520242,0.200455,0.079643,0.721604,0.513600,0.127419,0.141111,0.225904,27179089920
o01,0.545479,0.189208,0.609547,0.153320,0.575947,0.502716,0.365212,0.318665,0.717652,0.525771,0.200704,0.083544,0.720910,0.547733,0.146000,0.141111,0.252119,27179089920
o02,0.562805,0.179116,0.632000,0.187310,0.565628,0.519911,0.385058,0.337522,0.732638,0.531990,0.200984,0.087945,0.718079,0.586133,0.163146,0.141111,0.282133,27179089920
o03,0.578231,0.170138,0.661448,0.214445,0.556442,0.535284,0.403143,0.354469,0.745977,0.537518,0.201233,0.091866,0.713856,0.620267,0.175297,0.141111,0.309118,27179089920
