severity,resolution,unsafe,probe_cost,utility,post_error,info_gain,model_elim,task_success,gate_precision,gate_recall,abort_rate,false_abstain,reversibility,signature_match,value_info,policy_cost,recovery,weight
v00,0.597805,0.149309,0.600650,0.296506,0.494093,0.546273,0.418015,0.389358,0.740655,0.537660,0.189070,0.091687,0.793966,0.626933,0.222064,0.141111,0.315362,27179089920
v01,0.568593,0.172501,0.617620,0.211017,0.545258,0.522841,0.388908,0.348042,0.730294,0.531787,0.196938,0.088128,0.743684,0.586933,0.175777,0.141111,0.283010,27179089920
v02,0.539529,0.195763,0.634158,0.125894,0.596375,0.499633,0.360792,0.307273,0.719973,0.525944,0.204778,0.083969,0.693471,0.546933,0.129820,0.141111,0.251025,27179089920
v03,0.510635,0.219095,0.650262,0.041379,0.647432,0.476659,0.333677,0.268058,0.709692,0.520131,0.212590,0.079214,0.643328,0.506933,0.084201,0.141111,0.219876,27179089920
